"","gender","race.ethnicity","parental.level.of.education","lunch","test.preparation.course","math.score","reading.score","writing.score","average.score"
"1","male","group A","high school","standard","completed",67,67,63,65.6666666666667
"2","female","group D","some high school","free/reduced","none",40,59,55,51.3333333333333
"3","male","group E","some college","free/reduced","none",59,60,50,56.3333333333333
"4","male","group B","high school","standard","none",77,78,68,74.3333333333333
"5","male","group E","associate's degree","standard","completed",78,73,68,73
"6","female","group D","high school","standard","none",63,77,76,72
"7","female","group A","bachelor's degree","standard","none",62,59,63,61.3333333333333
"8","male","group E","some college","standard","completed",93,88,84,88.3333333333333
"9","male","group D","high school","standard","none",63,56,65,61.3333333333333
"10","male","group C","some college","free/reduced","none",47,42,45,44.6666666666667
"11","male","group E","some college","standard","completed",99,83,85,89
"12","female","group D","high school","standard","completed",80,87,90,85.6666666666667
"13","male","group D","associate's degree","standard","completed",77,87,85,83
"14","male","group C","high school","standard","completed",74,74,73,73.6666666666667
"15","male","group E","some high school","standard","completed",81,87,85,84.3333333333333
"16","male","group E","associate's degree","free/reduced","none",69,61,57,62.3333333333333
"17","male","group B","high school","standard","none",58,47,42,49
"18","female","group C","associate's degree","standard","completed",54,62,65,60.3333333333333
"19","female","group C","associate's degree","free/reduced","none",23,44,44,37
"20","male","group C","some college","free/reduced","none",39,32,31,34
"21","female","group C","associate's degree","standard","none",83,76,88,82.3333333333333
"22","male","group C","associate's degree","standard","none",58,52,55,55
"23","male","group B","some college","standard","completed",71,69,73,71
"24","female","group B","some college","free/reduced","none",44,55,54,51
"25","male","group E","some high school","free/reduced","none",46,38,32,38.6666666666667
"26","male","group C","high school","free/reduced","none",51,45,42,46
"27","female","group C","some high school","standard","none",53,60,56,56.3333333333333
"28","male","group E","high school","standard","none",71,68,60,66.3333333333333
"29","female","group B","high school","standard","completed",74,89,89,84
"30","female","group A","some high school","free/reduced","none",33,54,51,46
"31","male","group B","some college","standard","none",87,79,77,81
"32","male","group A","bachelor's degree","free/reduced","none",78,74,73,75
"33","male","group A","some high school","free/reduced","completed",40,41,39,40
"34","female","group B","associate's degree","standard","completed",65,65,71,67
"35","female","group B","bachelor's degree","standard","completed",79,88,89,85.3333333333333
"36","female","group A","bachelor's degree","standard","none",68,74,74,72
"37","female","group C","some college","standard","completed",57,77,75,69.6666666666667
"38","male","group B","high school","free/reduced","none",67,65,54,62
"39","female","group B","some college","free/reduced","completed",58,68,73,66.3333333333333
"40","male","group E","associate's degree","standard","none",98,81,77,85.3333333333333
"41","female","group B","master's degree","free/reduced","none",54,75,72,67
"42","male","group D","high school","standard","none",77,67,64,69.3333333333333
"43","male","group E","high school","standard","completed",87,79,82,82.6666666666667
"44","female","group C","master's degree","standard","none",58,70,70,66
"45","male","group E","high school","standard","none",100,88,87,91.6666666666667
"46","male","group C","bachelor's degree","standard","none",60,46,51,52.3333333333333
"47","male","group C","associate's degree","free/reduced","none",64,63,57,61.3333333333333
"48","female","group E","some high school","standard","completed",65,76,78,73
"49","female","group D","high school","standard","none",68,72,73,71
"50","male","group C","associate's degree","free/reduced","completed",60,63,57,60
"51","male","group D","high school","standard","none",65,68,64,65.6666666666667
"52","female","group C","some high school","free/reduced","none",52,58,60,56.6666666666667
"53","female","group C","associate's degree","standard","none",74,81,85,80
"54","female","group C","high school","free/reduced","none",36,53,49,46
"55","male","group D","high school","free/reduced","none",57,57,47,53.6666666666667
"56","female","group C","some college","standard","completed",56,60,62,59.3333333333333
"57","female","group C","bachelor's degree","standard","completed",67,80,84,77
"58","male","group D","associate's degree","standard","completed",88,87,83,86
"59","female","group D","some college","free/reduced","none",42,61,51,51.3333333333333
"60","male","group E","some high school","standard","none",68,51,48,55.6666666666667
"61","male","group D","some college","free/reduced","none",76,66,68,70
"62","female","group E","some high school","standard","none",58,63,59,60
"63","male","group E","some high school","standard","completed",69,67,62,66
"64","male","group A","bachelor's degree","standard","completed",77,82,78,79
"65","male","group D","master's degree","standard","completed",83,93,97,91
"66","female","group C","some high school","free/reduced","completed",49,74,70,64.3333333333333
"67","male","group C","high school","standard","none",71,60,56,62.3333333333333
"68","female","group D","some high school","free/reduced","none",47,46,49,47.3333333333333
"69","male","group B","high school","standard","none",79,64,60,67.6666666666667
"70","female","group C","high school","standard","none",60,64,57,60.3333333333333
"71","female","group C","associate's degree","standard","completed",56,68,73,65.6666666666667
"72","male","group C","associate's degree","standard","none",57,52,47,52
"73","female","group B","some college","standard","none",49,70,63,60.6666666666667
"74","female","group C","some high school","standard","completed",79,76,81,78.6666666666667
"75","male","group B","master's degree","free/reduced","none",71,76,67,71.3333333333333
"76","female","group C","high school","standard","none",71,77,70,72.6666666666667
"77","female","group C","some college","standard","none",47,63,59,56.3333333333333
"78","female","group D","high school","free/reduced","none",72,91,81,81.3333333333333
"79","male","group C","associate's degree","standard","none",78,73,76,75.6666666666667
"80","male","group D","some high school","standard","none",54,43,45,47.3333333333333
"81","female","group B","bachelor's degree","standard","none",46,59,62,55.6666666666667
"82","female","group D","some high school","free/reduced","none",31,38,42,37
"83","female","group C","associate's degree","free/reduced","none",51,59,59,56.3333333333333
"84","male","group B","high school","standard","completed",78,76,73,75.6666666666667
"85","female","group B","associate's degree","free/reduced","none",32,41,39,37.3333333333333
"86","female","group C","some high school","standard","none",53,71,69,64.3333333333333
"87","female","group C","some college","free/reduced","none",63,76,69,69.3333333333333
"88","male","group D","some college","standard","none",97,93,88,92.6666666666667
"89","female","group D","some college","standard","none",56,52,61,56.3333333333333
"90","male","group B","high school","standard","none",72,76,72,73.3333333333333
"91","male","group C","some college","free/reduced","none",57,47,42,48.6666666666667
"92","male","group B","some high school","standard","none",74,71,70,71.6666666666667
"93","female","group D","master's degree","standard","none",81,81,87,83
"94","male","group D","bachelor's degree","standard","completed",94,87,93,91.3333333333333
"95","male","group B","master's degree","free/reduced","none",81,73,72,75.3333333333333
"96","female","group C","high school","standard","completed",58,63,67,62.6666666666667
"97","female","group E","associate's degree","standard","completed",95,100,100,98.3333333333333
"98","male","group B","high school","free/reduced","none",45,52,49,48.6666666666667
"99","male","group A","some college","standard","none",63,50,49,54
"100","male","group B","associate's degree","standard","none",60,54,53,55.6666666666667
"101","male","group C","some college","free/reduced","completed",54,61,62,59
"102","male","group C","some college","standard","completed",75,78,79,77.3333333333333
"103","male","group E","high school","standard","none",79,78,77,78
"104","male","group D","high school","standard","none",66,67,67,66.6666666666667
"105","female","group B","some college","standard","none",47,58,58,54.3333333333333
"106","female","group D","bachelor's degree","standard","none",70,78,82,76.6666666666667
"107","male","group D","high school","standard","none",82,74,73,76.3333333333333
"108","male","group A","bachelor's degree","standard","none",56,38,44,46
"109","male","group B","associate's degree","standard","none",92,78,71,80.3333333333333
"110","male","group C","some college","free/reduced","none",30,33,33,32
"111","female","group C","some college","standard","completed",79,88,86,84.3333333333333
"112","female","group D","some high school","standard","none",41,52,47,46.6666666666667
"113","female","group C","master's degree","standard","none",63,82,71,72
"114","male","group A","bachelor's degree","free/reduced","none",43,34,33,36.6666666666667
"115","male","group D","high school","standard","none",77,76,74,75.6666666666667
"116","male","group B","associate's degree","standard","completed",76,79,76,77
"117","female","group E","some college","free/reduced","none",49,61,63,57.6666666666667
"118","male","group C","associate's degree","standard","completed",59,57,55,57
"119","male","group B","bachelor's degree","free/reduced","none",59,70,58,62.3333333333333
"120","female","group D","some high school","standard","completed",76,90,87,84.3333333333333
"121","female","group C","high school","standard","completed",55,71,71,65.6666666666667
"122","female","group D","bachelor's degree","standard","completed",78,87,89,84.6666666666667
"123","female","group C","bachelor's degree","standard","completed",51,53,62,55.3333333333333
"124","female","group C","some high school","standard","completed",41,43,45,43
"125","female","group D","associate's degree","standard","none",74,78,86,79.3333333333333
"126","male","group C","master's degree","standard","none",62,54,58,58
"127","male","group D","associate's degree","standard","none",77,71,64,70.6666666666667
"128","male","group C","some high school","standard","none",45,52,45,47.3333333333333
"129","male","group E","some college","standard","completed",100,84,87,90.3333333333333
"130","female","group D","associate's degree","free/reduced","completed",83,95,100,92.6666666666667
"131","female","group E","associate's degree","free/reduced","completed",77,75,82,78
"132","male","group C","high school","standard","completed",66,70,64,66.6666666666667
"133","male","group B","some college","standard","none",65,63,57,61.6666666666667
"134","male","group D","associate's degree","standard","none",62,55,56,57.6666666666667
"135","male","group E","some college","standard","none",55,54,54,54.3333333333333
"136","male","group C","some high school","free/reduced","none",73,78,69,73.3333333333333
"137","male","group A","some college","standard","completed",73,81,76,76.6666666666667
"138","female","group B","associate's degree","standard","completed",48,66,68,60.6666666666667
"139","male","group D","some college","free/reduced","none",52,44,49,48.3333333333333
"140","female","group C","some high school","free/reduced","none",60,72,64,65.3333333333333
"141","male","group B","associate's degree","free/reduced","none",68,63,57,62.6666666666667
"142","female","group D","some college","free/reduced","none",65,77,83,75
"143","female","group D","bachelor's degree","standard","none",86,83,87,85.3333333333333
"144","female","group B","associate's degree","standard","none",55,62,60,59
"145","male","group B","master's degree","standard","completed",80,71,68,73
"146","female","group B","high school","free/reduced","none",51,57,57,55
"147","female","group B","some high school","standard","completed",63,61,66,63.3333333333333
"148","male","group E","some college","standard","none",60,55,46,53.6666666666667
"149","female","group E","bachelor's degree","standard","completed",100,100,100,100
"150","male","group A","associate's degree","free/reduced","none",46,44,44,44.6666666666667
"151","female","group C","some college","standard","completed",67,78,80,75
"152","female","group C","high school","free/reduced","none",54,67,59,60
"153","female","group B","associate's degree","standard","none",63,79,76,72.6666666666667
"154","male","group D","bachelor's degree","standard","none",68,66,73,69
"155","female","group C","associate's degree","free/reduced","none",54,63,58,58.3333333333333
"156","female","group C","some college","standard","none",43,44,47,44.6666666666667
"157","male","group B","high school","free/reduced","none",64,64,59,62.3333333333333
"158","female","group E","associate's degree","free/reduced","none",92,87,87,88.6666666666667
"159","female","group D","associate's degree","free/reduced","none",82,95,93,90
"160","male","group E","some high school","free/reduced","none",84,78,79,80.3333333333333
"161","female","group D","associate's degree","standard","completed",84,98,97,93
"162","male","group D","associate's degree","free/reduced","none",65,63,65,64.3333333333333
"163","female","group C","bachelor's degree","standard","none",83,92,91,88.6666666666667
"164","female","group B","some high school","standard","completed",70,75,75,73.3333333333333
"165","male","group A","bachelor's degree","standard","completed",66,72,70,69.3333333333333
"166","female","group D","bachelor's degree","standard","completed",71,87,92,83.3333333333333
"167","male","group B","bachelor's degree","standard","none",66,64,58,62.6666666666667
"168","female","group B","some high school","standard","completed",57,64,68,63
"169","female","group C","master's degree","standard","none",86,90,93,89.6666666666667
"170","female","group A","high school","standard","none",80,85,83,82.6666666666667
"171","female","group B","high school","standard","none",62,60,59,60.3333333333333
"172","female","group D","some college","standard","none",71,71,76,72.6666666666667
"173","female","group C","some college","free/reduced","completed",57,66,71,64.6666666666667
"174","male","group A","some high school","free/reduced","completed",69,64,62,65
"175","male","group B","some college","standard","completed",83,74,72,76.3333333333333
"176","female","group D","some college","free/reduced","none",50,56,60,55.3333333333333
"177","female","group C","bachelor's degree","standard","none",55,56,56,55.6666666666667
"178","male","group B","some high school","free/reduced","none",55,53,51,53
"179","female","group D","some college","free/reduced","completed",83,93,95,90.3333333333333
"180","male","group D","high school","standard","completed",89,87,86,87.3333333333333
"181","female","group D","some high school","standard","none",51,62,64,59
"182","female","group C","some college","standard","none",48,52,49,49.6666666666667
"183","female","group E","bachelor's degree","standard","none",84,95,89,89.3333333333333
"184","female","group C","associate's degree","standard","none",69,83,76,76
"185","female","group C","associate's degree","standard","completed",75,85,87,82.3333333333333
"186","female","group C","master's degree","standard","none",91,100,99,96.6666666666667
"187","male","group B","high school","standard","none",76,77,67,73.3333333333333
"188","male","group E","some high school","free/reduced","none",63,61,59,61
"189","male","group D","high school","standard","none",73,65,64,67.3333333333333
"190","male","group B","some high school","free/reduced","completed",52,63,53,56
"191","male","group B","some high school","standard","completed",58,57,53,56
"192","female","group B","some high school","standard","none",33,51,51,45
"193","male","group E","some high school","free/reduced","none",68,62,61,63.6666666666667
"194","female","group C","associate's degree","standard","completed",77,91,89,85.6666666666667
"195","female","group C","bachelor's degree","standard","none",64,64,66,64.6666666666667
"196","female","group D","some high school","free/reduced","none",39,49,48,45.3333333333333
"197","male","group D","bachelor's degree","standard","none",50,46,48,48
"198","male","group A","master's degree","free/reduced","none",53,57,51,53.6666666666667
"199","female","group B","associate's degree","standard","completed",54,62,70,62
"200","male","group D","high school","standard","none",74,63,65,67.3333333333333
"201","female","group D","associate's degree","standard","completed",50,63,65,59.3333333333333
"202","male","group E","associate's degree","standard","none",55,54,47,52
"203","male","group C","some college","standard","none",77,64,70,70.3333333333333
"204","female","group B","some high school","standard","completed",49,64,67,60
"205","female","group D","associate's degree","free/reduced","none",66,83,82,77
"206","male","group B","some high school","standard","completed",77,74,75,75.3333333333333
"207","female","group A","master's degree","standard","completed",74,78,84,78.6666666666667
"208","male","group C","some college","standard","none",85,78,81,81.3333333333333
"209","female","group A","some college","standard","none",77,86,84,82.3333333333333
"210","female","group B","associate's degree","standard","none",64,62,66,64
"211","female","group D","high school","free/reduced","completed",61,69,68,66
"212","male","group D","associate's degree","standard","none",97,88,85,90
"213","male","group C","some college","standard","completed",66,75,70,70.3333333333333
"214","male","group C","some high school","standard","none",62,66,64,64
"215","female","group E","some high school","standard","completed",64,80,77,73.6666666666667
"216","female","group B","bachelor's degree","free/reduced","none",55,57,60,57.3333333333333
"217","female","group B","associate's degree","standard","none",53,72,66,63.6666666666667
"218","female","group D","some college","free/reduced","none",71,81,77,76.3333333333333
"219","male","group B","high school","free/reduced","completed",66,59,68,64.3333333333333
"220","male","group C","associate's degree","standard","none",68,61,62,63.6666666666667
"221","male","group D","some college","standard","none",89,90,83,87.3333333333333
"222","male","group C","associate's degree","standard","completed",65,69,74,69.3333333333333
"223","female","group B","some high school","standard","none",43,48,44,45
"224","female","group D","master's degree","standard","none",79,77,83,79.6666666666667
"225","male","group D","bachelor's degree","standard","none",99,94,97,96.6666666666667
"226","male","group D","some high school","standard","none",82,69,72,74.3333333333333
"227","male","group D","some college","free/reduced","completed",35,36,39,36.6666666666667
"228","female","group D","bachelor's degree","free/reduced","none",61,71,73,68.3333333333333
"229","female","group D","high school","standard","none",76,80,81,79
"230","male","group C","associate's degree","free/reduced","completed",94,83,82,86.3333333333333
"231","female","group C","high school","standard","none",75,90,78,81
"232","male","group B","some college","standard","none",81,75,70,75.3333333333333
"233","male","group C","some college","free/reduced","none",35,44,33,37.3333333333333
"234","male","group C","some college","standard","none",76,74,72,74
"235","female","group B","bachelor's degree","standard","none",58,79,82,73
"236","male","group C","associate's degree","standard","completed",100,91,90,93.6666666666667
"237","female","group C","bachelor's degree","standard","none",53,68,64,61.6666666666667
"238","female","group D","high school","standard","none",82,95,96,91
"239","male","group B","associate's degree","standard","none",76,62,64,67.3333333333333
"240","male","group C","bachelor's degree","standard","completed",83,75,75,77.6666666666667
"241","female","group D","some college","standard","none",72,84,82,79.3333333333333
"242","male","group D","associate's degree","standard","completed",76,76,83,78.3333333333333
"243","male","group D","some high school","standard","none",66,64,58,62.6666666666667
"244","male","group C","some college","standard","none",63,65,63,63.6666666666667
"245","male","group B","some high school","standard","none",36,34,28,32.6666666666667
"246","male","group C","high school","standard","none",68,74,71,71
"247","female","group C","some high school","free/reduced","completed",40,52,42,44.6666666666667
"248","male","group D","some high school","standard","none",68,71,61,66.6666666666667
"249","male","group C","associate's degree","standard","completed",56,54,52,54
"250","female","group D","associate's degree","free/reduced","none",74,83,80,79
"251","female","group D","some college","free/reduced","none",53,70,71,64.6666666666667
"252","male","group B","some high school","standard","none",88,65,70,74.3333333333333
"253","male","group D","some high school","standard","none",67,63,61,63.6666666666667
"254","female","group B","associate's degree","standard","none",60,76,65,67
"255","female","group C","high school","free/reduced","none",51,61,54,55.3333333333333
"256","female","group D","some high school","standard","none",53,66,59,59.3333333333333
"257","male","group A","bachelor's degree","standard","none",80,78,74,77.3333333333333
"258","female","group E","some high school","standard","none",69,71,67,69
"259","female","group B","some high school","free/reduced","none",64,79,70,71
"260","female","group D","associate's degree","free/reduced","completed",80,87,89,85.3333333333333
"261","female","group A","some high school","standard","none",58,72,62,64
"262","female","group C","high school","standard","none",39,46,50,45
"263","male","group D","some high school","standard","none",64,56,50,56.6666666666667
"264","male","group D","associate's degree","standard","none",61,66,63,63.3333333333333
"265","male","group D","some high school","standard","completed",90,82,88,86.6666666666667
"266","male","group D","some high school","standard","none",73,71,64,69.3333333333333
"267","male","group C","associate's degree","standard","none",73,73,70,72
"268","female","group D","associate's degree","standard","none",67,76,77,73.3333333333333
"269","female","group B","some college","standard","none",57,58,62,59
"270","female","group E","some college","standard","none",65,73,72,70
"271","female","group C","some high school","standard","none",71,72,71,71.3333333333333
"272","female","group D","some high school","standard","none",59,69,72,66.6666666666667
"273","male","group B","high school","standard","completed",74,71,65,70
"274","female","group E","high school","standard","none",93,100,93,95.3333333333333
"275","female","group B","some high school","standard","completed",85,93,92,90
"276","female","group E","some high school","standard","none",76,83,79,79.3333333333333
"277","female","group D","high school","free/reduced","none",58,72,70,66.6666666666667
"278","female","group E","associate's degree","standard","none",72,77,77,75.3333333333333
"279","female","group B","high school","standard","none",40,49,47,45.3333333333333
"280","male","group D","high school","standard","completed",75,73,66,71.3333333333333
"281","male","group D","some high school","standard","none",85,81,80,82
"282","male","group E","associate's degree","standard","completed",100,100,100,100
"283","female","group B","some college","free/reduced","completed",53,65,66,61.3333333333333
"284","male","group D","some college","free/reduced","none",40,42,39,40.3333333333333
"285","male","group B","bachelor's degree","free/reduced","none",49,49,49,49
"286","male","group C","associate's degree","standard","none",77,80,80,79
"287","female","group D","high school","standard","none",82,89,84,85
"288","male","group C","some college","standard","none",55,48,42,48.3333333333333
"289","female","group C","some high school","free/reduced","none",62,71,77,70
"290","male","group B","high school","standard","completed",69,63,59,63.6666666666667
"291","male","group C","associate's degree","standard","none",78,74,76,76
"292","female","group B","high school","free/reduced","completed",71,77,82,76.6666666666667
"293","male","group D","some college","free/reduced","completed",59,71,66,65.3333333333333
"294","female","group D","high school","free/reduced","none",60,75,70,68.3333333333333
"295","female","group C","bachelor's degree","free/reduced","completed",43,60,60,54.3333333333333
"296","female","group C","some high school","standard","none",77,83,86,82
"297","male","group D","some high school","free/reduced","none",50,47,46,47.6666666666667
"298","female","group E","bachelor's degree","free/reduced","none",56,58,52,55.3333333333333
"299","male","group B","high school","standard","none",69,58,50,59
"300","male","group D","high school","standard","none",47,43,39,43
"301","male","group B","some college","free/reduced","none",43,28,24,31.6666666666667
"302","male","group A","some high school","free/reduced","none",48,39,40,42.3333333333333
"303","male","group C","high school","free/reduced","none",55,62,49,55.3333333333333
"304","male","group C","some college","standard","none",73,68,66,69
"305","male","group D","bachelor's degree","standard","none",71,63,66,66.6666666666667
"306","female","group B","some college","standard","none",54,57,60,57
"307","male","group C","high school","standard","none",66,61,63,63.3333333333333
"308","male","group A","master's degree","standard","none",63,63,67,64.3333333333333
"309","female","group D","bachelor's degree","standard","none",66,81,73,73.3333333333333
"310","male","group C","bachelor's degree","standard","completed",79,80,75,78
"311","male","group D","associate's degree","free/reduced","completed",73,69,70,70.6666666666667
"312","female","group C","some high school","standard","none",36,57,53,48.6666666666667
"313","male","group C","associate's degree","free/reduced","none",50,48,43,47
"314","male","group E","some college","standard","completed",87,78,80,81.6666666666667
"315","male","group C","associate's degree","standard","none",71,68,63,67.3333333333333
"316","female","group C","associate's degree","standard","completed",85,87,94,88.6666666666667
"317","female","group C","high school","standard","completed",58,67,64,63
"318","male","group C","some college","standard","none",86,83,81,83.3333333333333
"319","female","group D","some high school","free/reduced","none",64,86,89,79.6666666666667
"320","male","group D","some college","standard","none",83,85,79,82.3333333333333
"321","male","group E","high school","free/reduced","completed",58,56,49,54.3333333333333
"322","female","group C","some college","free/reduced","completed",59,83,81,74.3333333333333
"323","female","group C","high school","standard","none",40,58,54,50.6666666666667
"324","male","group D","associate's degree","standard","completed",82,83,85,83.3333333333333
"325","male","group E","some high school","standard","none",87,84,80,83.6666666666667
"326","female","group C","some high school","standard","none",62,65,64,63.6666666666667
"327","male","group B","associate's degree","free/reduced","completed",76,80,78,78
"328","female","group A","high school","standard","none",63,69,60,64
"329","male","group D","some college","free/reduced","completed",58,60,59,59
"330","male","group D","associate's degree","standard","completed",61,63,65,63
"331","male","group C","some college","standard","none",78,69,71,72.6666666666667
"332","female","group C","bachelor's degree","free/reduced","completed",78,90,81,83
"333","male","group C","some college","standard","none",56,54,43,51
"334","male","group D","some high school","standard","none",96,83,82,87
"335","male","group C","high school","standard","none",48,43,40,43.6666666666667
"336","male","group C","associate's degree","standard","completed",70,76,72,72.6666666666667
"337","male","group D","some college","free/reduced","none",43,68,58,56.3333333333333
"338","female","group E","high school","free/reduced","none",45,46,49,46.6666666666667
"339","female","group C","associate's degree","standard","none",58,68,62,62.6666666666667
"340","female","group A","high school","standard","completed",70,73,80,74.3333333333333
"341","female","group E","some high school","standard","none",60,61,58,59.6666666666667
"342","male","group C","some high school","free/reduced","none",52,53,47,50.6666666666667
"343","male","group C","associate's degree","free/reduced","none",61,62,54,59
"344","female","group D","some high school","standard","none",55,70,61,62
"345","male","group B","high school","standard","completed",80,80,79,79.6666666666667
"346","male","group D","some college","free/reduced","none",63,60,54,59
"347","female","group B","master's degree","standard","none",79,79,87,81.6666666666667
"348","male","group A","associate's degree","standard","none",74,78,72,74.6666666666667
"349","female","group B","some college","free/reduced","completed",46,58,64,56
"350","female","group B","some high school","standard","completed",72,88,92,84
"351","female","group E","some high school","free/reduced","none",58,64,64,62
"352","female","group E","master's degree","standard","none",47,50,47,48
"353","female","group D","bachelor's degree","standard","completed",68,78,84,76.6666666666667
"354","male","group D","bachelor's degree","free/reduced","completed",68,71,67,68.6666666666667
"355","female","group D","high school","standard","none",65,75,68,69.3333333333333
"356","female","group B","associate's degree","standard","none",50,54,51,51.6666666666667
"357","female","group B","high school","free/reduced","completed",48,71,68,62.3333333333333
"358","female","group B","bachelor's degree","standard","none",58,60,64,60.6666666666667
"359","male","group C","some high school","free/reduced","completed",71,74,68,71
"360","male","group D","some high school","free/reduced","completed",58,52,48,52.6666666666667
"361","female","group A","some college","free/reduced","none",66,90,83,79.6666666666667
"362","male","group C","some college","free/reduced","none",44,53,43,46.6666666666667
"363","female","group B","some high school","standard","completed",51,63,66,60
"364","male","group A","some college","standard","completed",78,83,77,79.3333333333333
"365","male","group C","high school","standard","none",72,71,65,69.3333333333333
"366","female","group D","associate's degree","standard","none",60,64,67,63.6666666666667
"367","female","group C","associate's degree","free/reduced","none",55,61,60,58.6666666666667
"368","male","group B","some high school","standard","none",64,67,64,65
"369","female","group C","some high school","free/reduced","none",57,64,60,60.3333333333333
"370","female","group A","high school","standard","none",70,75,74,73
"371","male","group D","some high school","standard","completed",84,72,76,77.3333333333333
"372","female","group B","some college","standard","completed",66,71,76,71
"373","female","group C","bachelor's degree","free/reduced","completed",56,65,73,64.6666666666667
"374","male","group E","some college","free/reduced","completed",59,53,56,56
"375","female","group E","bachelor's degree","standard","none",87,89,84,86.6666666666667
"376","male","group E","high school","free/reduced","none",73,75,64,70.6666666666667
"377","female","group A","high school","standard","none",85,91,89,88.3333333333333
"378","male","group B","some college","free/reduced","none",49,54,42,48.3333333333333
"379","female","group C","bachelor's degree","standard","completed",82,87,90,86.3333333333333
"380","female","group D","some college","standard","none",80,90,90,86.6666666666667
"381","female","group E","high school","standard","none",48,51,43,47.3333333333333
"382","female","group D","high school","standard","completed",85,83,94,87.3333333333333
"383","female","group E","some high school","standard","completed",70,78,76,74.6666666666667
"384","male","group E","associate's degree","standard","completed",89,84,81,84.6666666666667
"385","female","group D","high school","standard","completed",72,86,79,79
"386","female","group D","some high school","free/reduced","none",80,86,87,84.3333333333333
"387","female","group D","some high school","free/reduced","none",43,57,50,50
"388","male","group C","some high school","free/reduced","completed",54,61,61,58.6666666666667
"389","male","group A","associate's degree","free/reduced","completed",82,82,78,80.6666666666667
"390","male","group C","bachelor's degree","free/reduced","none",74,80,78,77.3333333333333
"391","female","group C","some college","standard","none",63,62,64,63
"392","female","group C","high school","free/reduced","none",47,56,51,51.3333333333333
"393","female","group C","some college","free/reduced","none",13,29,23,21.6666666666667
"394","male","group D","some college","free/reduced","none",67,58,56,60.3333333333333
"395","male","group C","some high school","standard","none",57,59,54,56.6666666666667
"396","female","group B","some high school","standard","none",64,78,83,75
"397","female","group D","associate's degree","standard","none",85,100,100,95
"398","female","group B","associate's degree","standard","completed",70,80,86,78.6666666666667
"399","male","group B","bachelor's degree","standard","completed",90,73,83,82
"400","female","group A","some college","free/reduced","completed",53,70,69,64
"401","male","group C","some college","standard","completed",74,73,75,74
"402","male","group A","associate's degree","standard","completed",61,71,67,66.3333333333333
"403","female","group C","some high school","standard","completed",55,74,73,67.3333333333333
"404","female","group B","some college","standard","completed",65,63,66,64.6666666666667
"405","female","group A","high school","standard","none",77,77,79,77.6666666666667
"406","male","group C","associate's degree","standard","none",74,61,56,63.6666666666667
"407","male","group D","some college","standard","none",94,92,85,90.3333333333333
"408","female","group B","associate's degree","standard","completed",54,64,68,62
"409","male","group A","high school","standard","none",52,49,43,48
"410","male","group D","some college","standard","none",73,75,71,73
"411","male","group C","high school","standard","none",81,72,58,70.3333333333333
"412","female","group B","bachelor's degree","free/reduced","none",62,75,72,69.6666666666667
"413","female","group C","master's degree","free/reduced","none",55,60,61,58.6666666666667
"414","male","group C","some high school","free/reduced","completed",55,61,61,59
"415","female","group D","some high school","standard","none",61,62,61,61.3333333333333
"416","male","group E","high school","standard","none",75,70,64,69.6666666666667
"417","male","group E","some college","free/reduced","none",79,65,59,67.6666666666667
"418","female","group C","some high school","standard","none",70,70,68,69.3333333333333
"419","male","group A","some college","standard","none",72,65,59,65.3333333333333
"420","female","group C","some high school","free/reduced","none",38,46,33,39
"421","female","group A","bachelor's degree","standard","none",57,71,63,63.6666666666667
"422","male","group D","some high school","standard","none",76,71,70,72.3333333333333
"423","male","group C","some college","free/reduced","none",45,45,38,42.6666666666667
"424","male","group D","associate's degree","standard","none",77,73,74,74.6666666666667
"425","male","group C","high school","standard","none",40,39,30,36.3333333333333
"426","female","group E","some college","standard","none",78,83,78,79.6666666666667
"427","female","group A","master's degree","free/reduced","none",63,65,66,64.6666666666667
"428","male","group C","associate's degree","standard","none",83,70,73,75.3333333333333
"429","male","group C","associate's degree","free/reduced","none",55,52,47,51.3333333333333
"430","male","group B","some college","standard","completed",88,78,76,80.6666666666667
"431","male","group C","bachelor's degree","standard","none",82,83,85,83.3333333333333
"432","male","group E","bachelor's degree","standard","none",86,71,71,76
"433","female","group C","associate's degree","free/reduced","none",61,74,72,69
"434","female","group D","some college","standard","completed",78,85,93,85.3333333333333
"435","male","group C","associate's degree","standard","none",67,63,66,65.3333333333333
"436","female","group E","some high school","standard","none",83,87,83,84.3333333333333
"437","male","group C","some high school","standard","none",68,74,69,70.3333333333333
"438","male","group C","some college","standard","none",53,52,44,49.6666666666667
"439","male","group D","associate's degree","standard","none",91,88,90,89.6666666666667
"440","male","group B","associate's degree","free/reduced","none",67,66,66,66.3333333333333
"441","female","group C","high school","standard","completed",53,64,62,59.6666666666667
"442","female","group C","master's degree","standard","completed",86,100,100,95.3333333333333
"443","male","group E","some high school","free/reduced","completed",75,70,61,68.6666666666667
"444","male","group C","some college","standard","none",55,38,35,42.6666666666667
"445","male","group D","bachelor's degree","standard","completed",93,86,95,91.3333333333333
"446","female","group E","high school","standard","none",62,71,66,66.3333333333333
"447","male","group C","some college","free/reduced","none",83,76,71,76.6666666666667
"448","male","group D","some high school","standard","none",73,72,64,69.6666666666667
"449","female","group C","high school","free/reduced","none",57,52,53,54
"450","female","group C","some college","standard","none",70,75,75,73.3333333333333
"451","female","group B","high school","standard","completed",55,62,64,60.3333333333333
"452","male","group C","high school","standard","none",65,56,51,57.3333333333333
"453","female","group C","some high school","standard","completed",76,85,88,83
"454","male","group C","master's degree","free/reduced","none",59,47,46,50.6666666666667
"455","male","group C","associate's degree","standard","completed",74,73,77,74.6666666666667
"456","male","group B","some high school","standard","none",65,59,60,61.3333333333333
"457","male","group B","some college","standard","completed",89,87,89,88.3333333333333
"458","female","group B","master's degree","standard","none",71,82,82,78.3333333333333
"459","male","group C","some college","free/reduced","completed",63,69,59,63.6666666666667
"460","male","group C","some high school","standard","completed",57,55,60,57.3333333333333
"461","male","group B","some college","free/reduced","completed",56,67,56,59.6666666666667
"462","male","group A","some high school","free/reduced","completed",49,44,41,44.6666666666667
"463","female","group C","some college","free/reduced","completed",28,44,50,40.6666666666667
"464","female","group C","bachelor's degree","free/reduced","none",69,73,71,71
"465","female","group D","some high school","free/reduced","none",49,62,60,57
"466","male","group B","some high school","standard","completed",67,62,58,62.3333333333333
"467","female","group B","some college","free/reduced","completed",74,85,82,80.3333333333333
"468","female","group C","bachelor's degree","standard","completed",47,67,63,59
"469","female","group C","some college","standard","none",63,63,69,65
"470","male","group C","some college","standard","none",73,51,53,59
"471","female","group D","some college","standard","none",91,94,96,93.6666666666667
"472","male","group B","some college","standard","none",80,87,79,82
"473","female","group C","associate's degree","standard","none",66,73,68,69
"474","male","group B","some college","standard","none",52,48,43,47.6666666666667
"475","female","group B","some college","standard","none",65,71,65,67
"476","male","group D","some college","standard","completed",83,75,71,76.3333333333333
"477","female","group C","some high school","free/reduced","none",80,85,78,81
"478","male","group E","bachelor's degree","free/reduced","none",68,68,59,65
"479","male","group C","some college","free/reduced","completed",68,73,68,69.6666666666667
"480","male","group C","associate's degree","free/reduced","none",62,43,45,50
"481","female","group B","some high school","standard","none",76,88,84,82.6666666666667
"482","female","group C","bachelor's degree","free/reduced","none",77,79,83,79.6666666666667
"483","female","group E","master's degree","free/reduced","none",83,81,83,82.3333333333333
"484","female","group C","some college","free/reduced","none",71,78,82,77
"485","male","group D","some college","free/reduced","completed",86,91,89,88.6666666666667
"486","male","group B","master's degree","standard","none",93,96,96,95
"487","female","group B","associate's degree","free/reduced","none",60,64,60,61.3333333333333
"488","female","group D","some high school","standard","none",57,56,58,57
"489","male","group C","bachelor's degree","standard","none",84,79,74,79
"490","female","group D","bachelor's degree","standard","none",66,71,75,70.6666666666667
"491","male","group D","master's degree","standard","none",85,69,74,76
"492","female","group D","master's degree","standard","completed",57,68,76,67
"493","female","group C","some high school","standard","none",41,49,49,46.3333333333333
"494","female","group C","some high school","standard","none",75,76,76,75.6666666666667
"495","male","group D","high school","free/reduced","none",65,63,60,62.6666666666667
"496","male","group E","some college","standard","none",78,65,60,67.6666666666667
"497","female","group B","some high school","free/reduced","none",26,34,28,29.3333333333333
"498","male","group E","some college","free/reduced","none",71,64,66,67
"499","male","group B","bachelor's degree","standard","completed",86,92,93,90.3333333333333
"500","male","group B","associate's degree","standard","completed",89,84,81,84.6666666666667
"501","female","group B","high school","free/reduced","none",53,64,63,60
"502","female","group C","associate's degree","standard","none",87,87,92,88.6666666666667
"503","male","group D","associate's degree","standard","none",71,57,59,62.3333333333333
"504","male","group D","high school","standard","none",77,80,72,76.3333333333333
"505","female","group C","high school","free/reduced","completed",43,48,53,48
"506","female","group C","associate's degree","standard","none",88,91,86,88.3333333333333
"507","male","group E","some high school","standard","none",86,76,63,75
"508","female","group E","some high school","free/reduced","completed",45,56,55,52
"509","male","group C","some college","standard","none",69,56,57,60.6666666666667
"510","female","group D","high school","standard","none",65,70,72,69
"511","male","group E","some college","free/reduced","none",81,79,71,77
"512","female","group A","some high school","standard","none",90,88,86,88
"513","female","group E","associate's degree","standard","none",78,72,71,73.6666666666667
"514","female","group C","master's degree","standard","completed",71,79,89,79.6666666666667
"515","female","group C","some high school","standard","none",75,80,72,75.6666666666667
"516","male","group C","bachelor's degree","free/reduced","none",70,60,56,62
"517","male","group B","associate's degree","standard","none",54,52,48,51.3333333333333
"518","male","group B","high school","standard","none",49,36,32,39
"519","male","group B","associate's degree","free/reduced","completed",80,82,82,81.3333333333333
"520","female","group E","bachelor's degree","standard","none",78,89,93,86.6666666666667
"521","male","group C","bachelor's degree","standard","none",89,77,82,82.6666666666667
"522","female","group C","bachelor's degree","standard","completed",65,83,82,76.6666666666667
"523","male","group D","associate's degree","standard","none",78,74,71,74.3333333333333
"524","female","group D","high school","standard","none",69,85,78,77.3333333333333
"525","male","group D","some college","free/reduced","none",49,47,48,48
"526","female","group D","master's degree","free/reduced","none",50,64,66,60
"527","female","group E","some college","standard","none",79,76,71,75.3333333333333
"528","female","group D","some college","standard","completed",89,92,97,92.6666666666667
"529","male","group A","associate's degree","free/reduced","completed",48,61,59,56
"530","female","group A","bachelor's degree","standard","none",63,67,71,67
"531","female","group C","some college","standard","none",88,100,88,92
"532","female","group D","associate's degree","standard","none",66,73,73,70.6666666666667
"533","female","group B","some college","free/reduced","none",45,59,56,53.3333333333333
"534","female","group E","some high school","standard","completed",62,78,73,71
"535","male","group D","some college","free/reduced","completed",74,80,86,80
"536","female","group D","bachelor's degree","free/reduced","none",82,87,90,86.3333333333333
"537","male","group E","some college","free/reduced","completed",83,63,63,69.6666666666667
"538","female","group D","some high school","free/reduced","completed",60,72,76,69.3333333333333
"539","female","group D","high school","standard","none",66,73,72,70.3333333333333
"540","male","group C","bachelor's degree","free/reduced","none",76,66,68,70
"541","male","group B","associate's degree","standard","completed",75,74,76,75
"542","male","group B","some college","standard","completed",77,72,79,76
"543","female","group E","some college","free/reduced","none",82,88,86,85.3333333333333
"544","male","group C","associate's degree","standard","completed",63,59,60,60.6666666666667
"545","female","group D","high school","standard","none",70,85,85,80
"546","male","group D","associate's degree","standard","completed",84,71,76,77
"547","male","group C","high school","standard","completed",68,60,63,63.6666666666667
"548","male","group C","some college","free/reduced","none",56,58,50,54.6666666666667
"549","female","group C","associate's degree","free/reduced","none",37,46,43,42
"550","female","group D","some high school","standard","none",49,56,53,52.6666666666667
"551","female","group E","some college","standard","completed",100,100,100,100
"552","male","group D","some college","standard","none",83,68,65,72
"553","female","group E","master's degree","free/reduced","completed",92,100,98,96.6666666666667
"554","male","group E","master's degree","free/reduced","none",71,62,66,66.3333333333333
"555","male","group D","associate's degree","free/reduced","completed",72,76,73,73.6666666666667
"556","female","group D","bachelor's degree","free/reduced","none",37,53,48,46
"557","male","group C","bachelor's degree","free/reduced","none",35,43,35,37.6666666666667
"558","male","group C","some college","free/reduced","none",69,68,62,66.3333333333333
"559","female","group C","bachelor's degree","standard","none",65,73,81,73
"560","male","group E","high school","free/reduced","none",56,48,36,46.6666666666667
"561","female","group D","high school","standard","none",40,46,57,47.6666666666667
"562","female","group E","high school","standard","none",60,62,60,60.6666666666667
"563","female","group C","some high school","standard","none",57,66,73,65.3333333333333
"564","female","group C","some high school","free/reduced","completed",58,62,66,62
"565","female","group D","some college","standard","completed",74,95,94,87.6666666666667
"566","female","group B","some college","standard","none",77,77,83,79
"567","male","group E","some college","free/reduced","none",66,57,53,58.6666666666667
"568","female","group D","some college","standard","completed",62,79,87,76
"569","male","group C","high school","free/reduced","none",29,38,27,31.3333333333333
"570","female","group B","some college","standard","none",70,73,66,69.6666666666667
"571","male","group A","associate's degree","free/reduced","none",67,64,60,63.6666666666667
"572","female","group C","high school","standard","completed",81,91,94,88.6666666666667
"573","male","group C","associate's degree","free/reduced","none",56,50,43,49.6666666666667
"574","female","group D","some college","free/reduced","none",61,79,76,72
"575","female","group D","high school","free/reduced","completed",47,54,56,52.3333333333333
"576","male","group A","bachelor's degree","standard","completed",88,87,94,89.6666666666667
"577","male","group C","some college","standard","completed",51,52,52,51.6666666666667
"578","male","group C","master's degree","standard","none",68,60,62,63.3333333333333
"579","female","group B","associate's degree","standard","none",68,71,71,70
"580","female","group B","high school","free/reduced","none",47,49,50,48.6666666666667
"581","male","group E","master's degree","free/reduced","completed",84,77,82,81
"582","male","group B","some college","free/reduced","none",69,72,68,69.6666666666667
"583","female","group D","bachelor's degree","standard","completed",52,69,75,65.3333333333333
"584","male","group B","associate's degree","standard","none",80,79,79,79.3333333333333
"585","male","group C","bachelor's degree","standard","none",100,84,88,90.6666666666667
"586","male","group C","high school","standard","completed",53,59,64,58.6666666666667
"587","female","group B","master's degree","standard","completed",59,73,74,68.6666666666667
"588","female","group B","some college","standard","none",78,96,89,87.6666666666667
"589","female","group B","associate's degree","standard","none",84,87,89,86.6666666666667
"590","female","group C","high school","free/reduced","none",52,72,71,65
"591","male","group C","associate's degree","free/reduced","none",81,78,75,78
"592","female","group C","associate's degree","standard","completed",90,95,100,95
"593","female","group A","high school","standard","none",63,73,66,67.3333333333333
"594","male","group D","bachelor's degree","standard","completed",100,97,100,99
"595","female","group B","some college","standard","none",56,63,62,60.3333333333333
"596","female","group B","some college","standard","none",46,54,54,51.3333333333333
"597","female","group B","high school","free/reduced","completed",75,85,90,83.3333333333333
"598","female","group A","some college","standard","none",46,51,54,50.3333333333333
"599","male","group A","some high school","free/reduced","none",42,40,40,40.6666666666667
"600","female","group C","some high school","standard","completed",77,86,90,84.3333333333333
"601","female","group C","some college","free/reduced","none",40,63,56,53
"602","female","group D","high school","standard","none",69,71,76,72
"603","male","group C","high school","standard","none",43,50,45,46
"604","female","group C","associate's degree","standard","completed",69,75,71,71.6666666666667
"605","female","group D","bachelor's degree","standard","completed",89,93,100,94
"606","male","group B","associate's degree","standard","none",44,34,36,38
"607","male","group D","high school","free/reduced","completed",82,83,77,80.6666666666667
"608","male","group D","associate's degree","free/reduced","none",72,72,65,69.6666666666667
"609","male","group C","bachelor's degree","standard","none",64,53,50,55.6666666666667
"610","male","group D","some high school","standard","none",89,73,70,77.3333333333333
"611","male","group E","associate's degree","free/reduced","none",58,53,54,55
"612","female","group A","high school","standard","completed",63,81,78,74
"613","female","group A","bachelor's degree","standard","none",54,66,69,63
"614","male","group C","high school","free/reduced","completed",83,78,82,81
"615","female","group C","high school","standard","none",57,74,64,65
"616","female","group C","high school","standard","none",52,47,48,49
"617","female","group D","high school","standard","completed",75,93,97,88.3333333333333
"618","male","group E","high school","free/reduced","completed",67,66,64,65.6666666666667
"619","male","group B","some high school","standard","none",58,60,53,57
"620","female","group B","bachelor's degree","free/reduced","none",63,66,68,65.6666666666667
"621","female","group D","some high school","free/reduced","none",49,64,57,56.6666666666667
"622","female","group D","some college","free/reduced","none",38,47,52,45.6666666666667
"623","female","group B","some college","standard","completed",74,85,84,81
"624","male","group C","associate's degree","free/reduced","completed",69,84,82,78.3333333333333
"625","female","group D","associate's degree","standard","none",77,82,80,79.6666666666667
"626","female","group A","master's degree","free/reduced","none",40,59,59,52.6666666666667
"627","female","group B","master's degree","standard","completed",96,98,100,98
"628","female","group B","bachelor's degree","standard","none",85,86,85,85.3333333333333
"629","male","group D","associate's degree","standard","none",85,77,76,79.3333333333333
"630","male","group C","high school","standard","none",72,59,54,61.6666666666667
"631","female","group B","associate's degree","free/reduced","none",63,78,73,71.3333333333333
"632","male","group B","some high school","standard","none",58,67,58,61
"633","male","group B","bachelor's degree","free/reduced","none",58,64,54,58.6666666666667
"634","male","group C","high school","free/reduced","none",51,57,53,53.6666666666667
"635","female","group D","master's degree","standard","completed",100,100,100,100
"636","female","group D","master's degree","standard","none",77,84,92,84.3333333333333
"637","male","group E","bachelor's degree","free/reduced","none",63,56,56,58.3333333333333
"638","female","group C","some college","standard","none",64,67,68,66.3333333333333
"639","male","group E","high school","standard","none",100,82,80,87.3333333333333
"640","male","group C","associate's degree","standard","none",66,65,65,65.3333333333333
"641","male","group E","bachelor's degree","standard","none",87,87,84,86
"642","male","group C","high school","standard","none",73,72,69,71.3333333333333
"643","male","group C","master's degree","free/reduced","completed",69,66,65,66.6666666666667
"644","female","group C","high school","standard","none",62,64,63,63
"645","female","group C","some high school","standard","none",40,48,49,45.6666666666667
"646","male","group C","some college","free/reduced","completed",55,68,60,61
"647","male","group D","high school","standard","completed",77,77,78,77.3333333333333
"648","male","group D","some college","standard","completed",63,70,71,68
"649","male","group D","associate's degree","standard","completed",85,85,91,87
"650","female","group B","high school","free/reduced","none",30,43,40,37.6666666666667
"651","male","group B","high school","standard","none",82,77,71,76.6666666666667
"652","male","group D","associate's degree","free/reduced","completed",81,71,70,74
"653","female","group C","some high school","standard","completed",92,100,97,96.3333333333333
"654","male","group B","some college","free/reduced","none",50,48,36,44.6666666666667
"655","female","group B","associate's degree","standard","none",54,60,56,56.6666666666667
"656","male","group C","associate's degree","standard","completed",76,83,78,79
"657","female","group D","some high school","standard","none",60,68,74,67.3333333333333
"658","female","group A","associate's degree","free/reduced","completed",45,72,66,61
"659","male","group D","high school","standard","none",80,77,72,76.3333333333333
"660","male","group D","some high school","free/reduced","none",52,45,48,48.3333333333333
"661","female","group C","high school","standard","completed",90,89,97,92
"662","female","group D","high school","free/reduced","none",53,65,69,62.3333333333333
"663","female","group C","associate's degree","standard","none",92,95,95,94
"664","female","group C","some college","standard","completed",63,78,75,72
"665","female","group B","some high school","standard","none",71,77,79,75.6666666666667
"666","female","group D","some high school","standard","none",64,70,73,69
"667","female","group C","some college","standard","completed",67,81,89,79
"668","male","group C","high school","free/reduced","none",63,63,61,62.3333333333333
"669","male","group B","high school","standard","none",63,53,44,53.3333333333333
"670","male","group C","some high school","standard","none",59,49,46,51.3333333333333
"671","male","group E","high school","standard","none",49,43,35,42.3333333333333
"672","female","group D","master's degree","standard","none",75,84,86,81.6666666666667
"673","female","group C","some high school","free/reduced","none",34,47,45,42
"674","female","group B","associate's degree","free/reduced","none",53,70,69,64
"675","male","group B","master's degree","standard","none",63,56,60,59.6666666666667
"676","male","group C","associate's degree","standard","none",75,69,65,69.6666666666667
"677","male","group E","associate's degree","free/reduced","none",63,61,62,62
"678","female","group C","high school","standard","none",70,72,75,72.3333333333333
"679","female","group C","some college","standard","none",61,73,70,68
"680","male","group C","associate's degree","standard","none",74,61,59,64.6666666666667
"681","male","group D","associate's degree","free/reduced","none",57,49,48,51.3333333333333
"682","male","group C","some high school","free/reduced","completed",41,52,47,46.6666666666667
"683","male","group D","some high school","standard","none",87,80,76,81
"684","male","group C","high school","free/reduced","none",69,71,62,67.3333333333333
"685","male","group C","associate's degree","free/reduced","none",69,77,70,72
"686","male","group D","high school","standard","completed",58,56,56,56.6666666666667
"687","female","group B","some college","free/reduced","completed",47,69,62,59.3333333333333
"688","male","group D","associate's degree","standard","completed",78,69,71,72.6666666666667
"689","female","group B","some college","free/reduced","completed",54,61,71,62
"690","male","group C","some college","free/reduced","none",36,27,26,29.6666666666667
"691","male","group B","bachelor's degree","standard","completed",94,92,92,92.6666666666667
"692","female","group D","associate's degree","free/reduced","none",68,84,80,77.3333333333333
"693","female","group E","high school","standard","none",90,88,84,87.3333333333333
"694","male","group A","some college","standard","none",57,57,53,55.6666666666667
"695","male","group D","some college","standard","completed",96,95,90,93.6666666666667
"696","male","group B","some high school","standard","completed",68,63,62,64.3333333333333
"697","female","group C","some high school","standard","completed",52,64,63,59.6666666666667
"698","male","group E","associate's degree","standard","none",90,76,73,79.6666666666667
"699","male","group C","some college","free/reduced","completed",71,82,75,76
"700","female","group C","some college","free/reduced","completed",58,69,74,67
"701","male","group C","some high school","free/reduced","none",41,39,34,38
"702","male","group D","some high school","standard","completed",43,37,43,41
"703","male","group D","high school","standard","none",85,70,71,75.3333333333333
"704","male","group B","some high school","standard","none",71,72,69,70.6666666666667
"705","female","group A","high school","standard","none",72,70,72,71.3333333333333
"706","male","group D","associate's degree","free/reduced","none",70,62,66,66
"707","female","group D","bachelor's degree","standard","none",89,100,100,96.3333333333333
"708","female","group E","high school","standard","none",92,86,82,86.6666666666667
"709","male","group E","some college","free/reduced","completed",80,79,81,80
"710","male","group C","some high school","standard","none",80,70,60,70
"711","female","group B","high school","standard","none",56,64,59,59.6666666666667
"712","male","group E","high school","free/reduced","none",93,86,73,84
"713","male","group C","associate's degree","free/reduced","completed",49,37,41,42.3333333333333
"714","female","group E","master's degree","standard","none",59,57,58,58
"715","female","group C","some high school","standard","completed",64,74,75,71
"716","male","group D","some high school","standard","none",73,66,59,66
"717","female","group B","some college","standard","completed",82,86,90,86
"718","male","group D","high school","free/reduced","none",48,43,41,44
"719","female","group A","some high school","free/reduced","completed",51,64,62,59
"720","female","group E","some high school","free/reduced","completed",38,46,43,42.3333333333333
"721","male","group B","some college","free/reduced","none",45,50,42,45.6666666666667
"722","female","group A","some college","standard","completed",83,92,95,90
"723","female","group B","some high school","standard","completed",45,57,56,52.6666666666667
"724","male","group D","high school","free/reduced","none",66,64,62,64
"725","male","group D","high school","free/reduced","completed",60,62,57,59.6666666666667
"726","male","group C","associate's degree","standard","none",49,47,49,48.3333333333333
"727","male","group D","bachelor's degree","standard","none",80,84,86,83.3333333333333
"728","male","group E","high school","standard","none",75,68,66,69.6666666666667
"729","male","group B","some college","free/reduced","completed",57,68,61,62
"730","female","group B","some high school","free/reduced","none",25,36,37,32.6666666666667
"731","male","group E","some college","free/reduced","none",90,87,81,86
"732","female","group D","some college","standard","none",63,70,71,68
"733","male","group E","associate's degree","standard","none",100,91,86,92.3333333333333
"734","male","group C","associate's degree","free/reduced","none",76,68,66,70
"735","female","group B","some high school","free/reduced","none",52,58,53,54.3333333333333
"736","female","group B","master's degree","standard","completed",81,86,93,86.6666666666667
"737","male","group C","associate's degree","standard","completed",90,89,87,88.6666666666667
"738","male","group D","associate's degree","standard","none",83,82,81,82
"739","female","group B","high school","standard","none",61,73,69,67.6666666666667
"740","female","group E","associate's degree","standard","completed",79,69,75,74.3333333333333
"741","male","group B","some college","standard","none",52,53,51,52
"742","female","group B","bachelor's degree","standard","completed",62,65,67,64.6666666666667
"743","female","group D","some college","standard","none",85,90,84,86.3333333333333
"744","female","group E","high school","free/reduced","completed",74,96,95,88.3333333333333
"745","male","group C","associate's degree","free/reduced","none",83,85,78,82
"746","male","group C","some college","standard","none",78,72,72,74
"747","female","group C","high school","free/reduced","none",41,43,40,41.3333333333333
"748","female","group A","high school","standard","none",77,91,87,85
"749","male","group C","bachelor's degree","standard","none",95,99,91,95
"750","female","group B","high school","free/reduced","none",50,68,66,61.3333333333333
"751","male","group C","some college","standard","none",74,76,70,73.3333333333333
"752","female","group D","bachelor's degree","standard","completed",74,93,93,86.6666666666667
"753","male","group E","high school","standard","none",70,62,61,64.3333333333333
"754","male","group D","associate's degree","free/reduced","none",61,59,54,58
"755","female","group A","master's degree","standard","completed",94,100,100,98
"756","female","group D","high school","standard","none",66,84,77,75.6666666666667
"757","female","group D","master's degree","standard","none",83,88,93,88
"758","male","group D","high school","standard","none",75,63,60,66
"759","male","group D","high school","free/reduced","completed",56,65,63,61.3333333333333
"760","female","group B","some college","free/reduced","none",66,88,83,79
"761","female","group B","high school","free/reduced","none",61,69,66,65.3333333333333
"762","male","group C","some high school","standard","completed",70,79,73,74
"763","male","group C","master's degree","standard","none",57,59,53,56.3333333333333
"764","female","group C","associate's degree","free/reduced","completed",78,89,90,85.6666666666667
"765","female","group C","some high school","standard","none",62,76,67,68.3333333333333
"766","male","group C","some high school","standard","completed",64,53,49,55.3333333333333
"767","female","group B","high school","free/reduced","none",55,66,65,62
"768","female","group D","some college","standard","none",72,83,83,79.3333333333333
"769","male","group A","some college","free/reduced","none",49,48,42,46.3333333333333
"770","female","group D","some college","standard","none",62,60,63,61.6666666666667
"771","male","group B","some high school","free/reduced","none",76,73,68,72.3333333333333
"772","female","group C","master's degree","standard","completed",73,86,85,81.3333333333333
"773","female","group C","associate's degree","standard","completed",72,76,78,75.3333333333333
"774","male","group C","high school","standard","none",85,85,76,82
"775","male","group A","some college","free/reduced","none",71,68,65,68
"776","female","group C","some high school","free/reduced","none",28,38,31,32.3333333333333
"777","male","group C","high school","free/reduced","none",41,42,38,40.3333333333333
"778","male","group E","associate's degree","standard","none",78,72,68,72.6666666666667
"779","male","group C","master's degree","free/reduced","none",48,52,44,48
"780","male","group C","associate's degree","free/reduced","none",38,51,47,45.3333333333333
"781","female","group A","bachelor's degree","standard","completed",91,100,100,97
"782","female","group D","bachelor's degree","standard","none",71,81,80,77.3333333333333
"783","female","group D","bachelor's degree","standard","none",84,87,92,87.6666666666667
"784","male","group E","associate's degree","free/reduced","completed",63,60,63,62
"785","female","group A","associate's degree","standard","completed",70,78,87,78.3333333333333
"786","male","group B","bachelor's degree","free/reduced","completed",48,52,57,52.3333333333333
"787","male","group D","some high school","standard","completed",68,72,73,71
"788","female","group D","some college","standard","none",84,84,87,85
"789","male","group D","high school","standard","none",61,62,60,61
"790","male","group C","some high school","free/reduced","none",62,59,62,61
"791","female","group C","master's degree","free/reduced","none",66,78,83,75.6666666666667
"792","female","group C","high school","standard","completed",52,65,71,62.6666666666667
"793","female","group D","some college","standard","completed",68,75,73,72
"794","male","group D","some college","free/reduced","completed",62,68,71,67
"795","male","group E","bachelor's degree","standard","completed",90,88,84,87.3333333333333
"796","female","group A","master's degree","free/reduced","none",42,50,44,45.3333333333333
"797","male","group D","associate's degree","free/reduced","completed",74,90,89,84.3333333333333
"798","male","group B","associate's degree","standard","completed",62,61,61,61.3333333333333
"799","male","group C","some college","standard","none",56,55,50,53.6666666666667
"800","male","group C","high school","free/reduced","none",64,52,54,56.6666666666667
"801","male","group D","high school","standard","completed",79,84,80,81
"802","female","group C","some high school","standard","none",44,65,63,57.3333333333333
"803","female","group B","some college","standard","completed",69,94,87,83.3333333333333
"804","male","group A","some college","standard","none",53,48,48,49.6666666666667
"805","male","group C","high school","standard","none",74,69,61,68
"806","male","group C","associate's degree","standard","none",49,55,48,50.6666666666667
"807","female","group D","associate's degree","free/reduced","none",57,71,71,66.3333333333333
"808","female","group D","master's degree","standard","none",61,72,64,65.6666666666667
"809","female","group C","master's degree","free/reduced","none",65,88,84,79
"810","female","group C","some college","standard","none",51,60,52,54.3333333333333
"811","female","group C","some high school","standard","none",49,51,41,47
"812","male","group B","master's degree","free/reduced","none",56,65,56,59
"813","male","group D","associate's degree","standard","none",65,62,63,63.3333333333333
"814","male","group D","some college","standard","none",70,64,62,65.3333333333333
"815","male","group D","some college","standard","none",91,95,88,91.3333333333333
"816","female","group D","high school","standard","completed",48,56,64,56
"817","female","group C","associate's degree","standard","completed",94,99,100,97.6666666666667
"818","male","group B","master's degree","standard","none",77,76,73,75.3333333333333
"819","female","group D","some high school","standard","none",59,78,75,70.6666666666667
"820","female","group C","some college","free/reduced","none",57,75,70,67.3333333333333
"821","female","group C","some high school","standard","none",76,82,74,77.3333333333333
"822","male","group D","high school","standard","none",65,63,64,64
"823","female","group B","master's degree","standard","completed",75,75,83,77.6666666666667
"824","male","group D","master's degree","standard","none",70,66,65,67
"825","male","group C","high school","standard","completed",79,79,70,76
"826","male","group E","associate's degree","standard","completed",100,100,100,100
"827","female","group A","bachelor's degree","standard","completed",83,96,99,92.6666666666667
"828","female","group C","associate's degree","free/reduced","none",70,84,78,77.3333333333333
"829","male","group E","some high school","standard","completed",97,80,88,88.3333333333333
"830","female","group E","high school","free/reduced","none",33,32,35,33.3333333333333
"831","male","group B","master's degree","free/reduced","none",38,40,41,39.6666666666667
"832","male","group C","some college","standard","completed",46,51,47,48
"833","female","group D","some college","free/reduced","none",13,36,37,28.6666666666667
"834","male","group A","master's degree","standard","none",85,83,78,82
"835","female","group B","some college","standard","none",79,79,80,79.3333333333333
"836","female","group B","some high school","standard","none",76,81,79,78.6666666666667
"837","female","group C","some high school","free/reduced","completed",53,70,65,62.6666666666667
"838","male","group A","high school","standard","completed",68,70,63,67
"839","male","group D","associate's degree","free/reduced","completed",67,70,70,69
"840","male","group E","some college","standard","completed",100,84,88,90.6666666666667
"841","male","group C","associate's degree","free/reduced","none",54,48,45,49
"842","female","group E","associate's degree","free/reduced","none",72,73,70,71.6666666666667
"843","male","group A","some college","standard","completed",91,97,95,94.3333333333333
"844","male","group D","master's degree","standard","completed",87,81,86,84.6666666666667
"845","female","group D","associate's degree","free/reduced","none",66,75,74,71.6666666666667
"846","male","group C","some high school","standard","none",65,66,64,65
"847","female","group E","associate's degree","free/reduced","completed",41,56,53,50
"848","female","group C","associate's degree","standard","none",67,69,65,67
"849","male","group E","high school","standard","none",94,89,86,89.6666666666667
"850","female","group B","bachelor's degree","free/reduced","completed",57,70,68,65
"851","male","group A","high school","standard","none",89,83,80,84
"852","male","group A","associate's degree","standard","completed",77,73,80,76.6666666666667
"853","male","group C","some high school","standard","none",57,60,50,55.6666666666667
"854","male","group D","some college","standard","completed",72,72,72,72
"855","male","group D","bachelor's degree","standard","completed",98,94,95,95.6666666666667
"856","female","group D","master's degree","standard","none",87,97,100,94.6666666666667
"857","male","group C","some high school","free/reduced","none",61,57,55,57.6666666666667
"858","female","group C","master's degree","standard","none",85,100,97,94
"859","female","group D","some high school","standard","none",81,85,91,85.6666666666667
"860","female","group D","high school","standard","completed",74,84,79,79
"861","male","group C","bachelor's degree","standard","none",98,92,90,93.3333333333333
"862","female","group D","some college","standard","none",86,84,89,86.3333333333333
"863","male","group C","bachelor's degree","standard","completed",85,81,82,82.6666666666667
"864","male","group C","some college","standard","none",68,71,63,67.3333333333333
"865","female","group E","high school","free/reduced","completed",66,78,77,73.6666666666667
"866","male","group B","some high school","free/reduced","completed",75,74,71,73.3333333333333
"867","male","group C","bachelor's degree","standard","none",79,57,58,64.6666666666667
"868","female","group B","bachelor's degree","free/reduced","none",59,85,82,75.3333333333333
"869","male","group B","master's degree","free/reduced","none",60,62,58,60
"870","male","group D","high school","standard","none",69,60,54,61
"871","female","group B","high school","free/reduced","none",49,54,58,53.6666666666667
"872","male","group D","some college","standard","none",62,44,52,52.6666666666667
"873","female","group E","high school","free/reduced","completed",70,84,83,79
"874","male","group D","bachelor's degree","standard","none",71,57,60,62.6666666666667
"875","male","group C","bachelor's degree","standard","none",71,69,65,68.3333333333333
"876","female","group C","some high school","free/reduced","none",50,59,54,54.3333333333333
"877","female","group B","high school","standard","none",52,55,57,54.6666666666667
"878","male","group E","some college","free/reduced","completed",75,65,66,68.6666666666667
"879","female","group C","bachelor's degree","standard","none",51,64,63,59.3333333333333
"880","male","group C","some high school","standard","none",64,48,50,54
"881","female","group A","some college","free/reduced","completed",65,76,72,71
"882","male","group B","master's degree","standard","none",99,81,87,89
"883","female","group B","associate's degree","standard","none",60,62,58,60
"884","female","group B","some college","standard","none",70,78,80,76
"885","male","group A","some college","standard","completed",77,76,77,76.6666666666667
"886","male","group B","high school","free/reduced","none",37,28,23,29.3333333333333
"887","male","group E","associate's degree","free/reduced","none",73,73,61,69
"888","female","group B","associate's degree","free/reduced","completed",53,74,75,67.3333333333333
"889","female","group B","associate's degree","standard","none",67,58,62,62.3333333333333
"890","female","group B","some college","free/reduced","none",67,79,80,75.3333333333333
"891","male","group B","high school","free/reduced","none",51,57,50,52.6666666666667
"892","male","group D","high school","standard","completed",64,71,70,68.3333333333333
"893","male","group E","some college","free/reduced","none",55,42,43,46.6666666666667
"894","male","group D","associate's degree","free/reduced","completed",55,39,51,48.3333333333333
"895","male","group E","associate's degree","standard","none",86,77,78,80.3333333333333
"896","female","group B","master's degree","standard","none",71,88,85,81.3333333333333
"897","male","group C","high school","free/reduced","none",71,63,64,66
"898","female","group C","some high school","free/reduced","none",51,67,69,62.3333333333333
"899","female","group E","some college","standard","completed",75,76,85,78.6666666666667
"900","male","group C","some high school","free/reduced","none",45,31,27,34.3333333333333
"901","male","group B","some high school","standard","none",59,54,48,53.6666666666667
"902","female","group E","high school","free/reduced","none",64,69,68,67
"903","male","group A","some college","standard","completed",78,69,73,73.3333333333333
"904","male","group D","high school","free/reduced","none",59,61,58,59.3333333333333
"905","male","group E","bachelor's degree","free/reduced","none",80,70,71,73.6666666666667
"906","male","group B","associate's degree","standard","completed",68,82,77,75.6666666666667
"907","female","group B","associate's degree","standard","none",77,81,79,79
"908","male","group C","high school","standard","none",66,67,64,65.6666666666667
"909","female","group C","some college","free/reduced","completed",26,44,46,38.6666666666667
"910","male","group D","some college","standard","completed",80,66,69,71.6666666666667
"911","female","group D","some high school","free/reduced","none",48,62,61,57
"912","female","group A","associate's degree","standard","none",52,64,55,57
"913","female","group D","master's degree","free/reduced","none",54,64,64,60.6666666666667
"914","female","group C","some college","standard","completed",59,68,67,64.6666666666667
"915","male","group D","high school","standard","none",77,62,65,68
"916","female","group B","some college","free/reduced","none",64,70,69,67.6666666666667
"917","male","group D","high school","standard","none",83,72,68,74.3333333333333
"918","male","group E","high school","free/reduced","none",70,73,69,70.6666666666667
"919","male","group C","some high school","standard","none",72,68,67,69
"920","female","group B","associate's degree","standard","none",83,78,79,80
"921","female","group B","associate's degree","standard","none",52,58,57,55.6666666666667
"922","female","group C","some college","free/reduced","completed",53,73,74,66.6666666666667
"923","male","group D","some college","standard","none",55,55,55,55
"924","male","group C","associate's degree","standard","none",65,63,61,63
"925","female","group E","some high school","standard","none",60,67,64,63.6666666666667
"926","male","group E","high school","free/reduced","completed",64,62,59,61.6666666666667
"927","male","group C","associate's degree","standard","none",71,72,69,70.6666666666667
"928","male","group C","bachelor's degree","free/reduced","completed",61,71,65,65.6666666666667
"929","male","group D","associate's degree","standard","none",61,55,58,58
"930","female","group C","master's degree","standard","none",65,74,79,72.6666666666667
"931","female","group D","some high school","standard","completed",71,83,89,81
"932","male","group E","associate's degree","free/reduced","none",48,49,44,47
"933","male","group E","high school","free/reduced","completed",75,80,75,76.6666666666667
"934","male","group D","associate's degree","free/reduced","none",54,66,65,61.6666666666667
"935","female","group C","master's degree","standard","none",70,64,65,66.3333333333333
"936","male","group D","some high school","standard","none",91,77,72,80
"937","female","group D","some high school","standard","completed",33,44,50,42.3333333333333
"938","female","group B","high school","standard","none",45,50,41,45.3333333333333
"939","male","group A","high school","free/reduced","none",45,33,32,36.6666666666667
"940","male","group D","bachelor's degree","free/reduced","none",62,61,57,60
"941","male","group E","associate's degree","free/reduced","completed",92,79,77,82.6666666666667
"942","female","group D","some college","standard","none",74,75,79,76
"943","female","group C","high school","standard","completed",81,79,83,81
"944","male","group C","associate's degree","free/reduced","none",76,71,66,71
"945","female","group C","associate's degree","standard","completed",57,72,73,67.3333333333333
"946","male","group A","some college","free/reduced","none",63,61,55,59.6666666666667
"947","female","group D","high school","standard","completed",57,62,73,64
"948","female","group B","some college","standard","completed",46,65,64,58.3333333333333
"949","male","group E","some high school","free/reduced","completed",49,50,45,48
"950","female","group D","some high school","standard","none",54,60,65,59.6666666666667
"951","male","group C","some high school","standard","completed",89,87,90,88.6666666666667
"952","male","group D","bachelor's degree","standard","completed",77,70,78,75
"953","female","group C","bachelor's degree","standard","none",46,63,60,56.3333333333333
"954","male","group B","associate's degree","standard","completed",66,59,70,65
"955","female","group C","high school","standard","none",48,63,53,54.6666666666667
"956","male","group D","associate's degree","standard","completed",83,76,81,80
"957","male","group C","high school","standard","completed",69,75,74,72.6666666666667
"958","male","group E","bachelor's degree","free/reduced","none",73,52,54,59.6666666666667
"959","female","group D","some college","standard","none",43,59,59,53.6666666666667
"960","male","group D","master's degree","standard","completed",91,84,83,86
"961","male","group C","associate's degree","standard","completed",49,58,55,54
"962","male","group B","master's degree","standard","none",87,86,84,85.6666666666667
"963","male","group B","some high school","standard","completed",46,46,44,45.3333333333333
"964","female","group D","some high school","standard","completed",63,61,71,65
"965","male","group E","bachelor's degree","standard","none",100,83,86,89.6666666666667
"966","female","group E","bachelor's degree","standard","none",86,87,89,87.3333333333333
"967","female","group A","some high school","free/reduced","completed",55,73,70,66
"968","female","group E","master's degree","free/reduced","none",84,100,99,94.3333333333333
"969","female","group B","some high school","free/reduced","none",39,51,48,46
"970","male","group B","high school","standard","none",67,57,52,58.6666666666667
"971","female","group D","some high school","standard","completed",85,100,97,94
"972","male","group C","some high school","standard","none",64,51,44,53
"973","female","group E","associate's degree","standard","none",81,77,74,77.3333333333333
"974","male","group C","associate's degree","standard","none",78,71,67,72
"975","female","group B","some high school","standard","none",59,59,58,58.6666666666667
"976","male","group C","associate's degree","standard","none",74,76,70,73.3333333333333
"977","female","group B","some college","free/reduced","completed",31,29,35,31.6666666666667
"978","female","group C","some high school","free/reduced","completed",54,55,65,58
"979","male","group C","high school","free/reduced","none",51,51,45,49
"980","female","group B","bachelor's degree","free/reduced","completed",57,65,68,63.3333333333333
"981","female","group C","some high school","free/reduced","none",39,50,49,46
"982","male","group C","some college","standard","none",64,48,48,53.3333333333333
"983","male","group C","master's degree","free/reduced","completed",69,79,72,73.3333333333333
"984","male","group A","some high school","standard","none",58,50,47,51.6666666666667
"985","female","group D","high school","standard","none",63,71,75,69.6666666666667
"986","male","group E","associate's degree","standard","none",74,73,67,71.3333333333333
"987","male","group E","some college","free/reduced","none",78,84,77,79.6666666666667
"988","male","group A","some college","standard","completed",78,78,74,76.6666666666667
"989","female","group B","some college","standard","none",75,76,81,77.3333333333333
"990","male","group D","some college","standard","completed",70,60,65,65
"991","male","group D","some college","standard","none",67,55,53,58.3333333333333
"992","female","group C","associate's degree","standard","none",87,93,88,89.3333333333333
"993","male","group C","some college","standard","none",69,63,66,66
"994","female","group A","associate's degree","standard","none",58,54,58,56.6666666666667
"995","male","group E","high school","free/reduced","completed",86,82,75,81
"996","male","group C","high school","standard","none",73,70,65,69.3333333333333
"997","male","group D","associate's degree","free/reduced","completed",85,91,92,89.3333333333333
"998","female","group C","some high school","free/reduced","none",32,35,41,36
"999","female","group C","some college","standard","none",73,74,82,76.3333333333333
"1000","male","group A","some college","standard","completed",65,60,62,62.3333333333333
